{
    "UserAgent": "aws-amplify-cli/0.1.0",
    "Version": "0.1.0",
    "IdentityManager": {
        "Default": {}
    },
    "AppSync": {
        "Default": {
            "ApiUrl": "https://26czqji3ozg73kjxyu2crx7u3u.appsync-api.ap-southeast-1.amazonaws.com/graphql",
            "Region": "ap-southeast-1",
            "AuthMode": "AMAZON_COGNITO_USER_POOLS",
            "ClientDatabasePrefix": "amplifyDatasource_AMAZON_COGNITO_USER_POOLS"
        }
    },
    "CredentialsProvider": {
        "CognitoIdentity": {
            "Default": {
                "PoolId": "ap-southeast-1:5015d3a0-96c2-4468-bb5a-15b19cf10332",
                "Region": "ap-southeast-1"
            }
        }
    },
    "CognitoUserPool": {
        "Default": {
            "PoolId": "ap-southeast-1_sN4yt8M7j",
            "AppClientId": "1oekthq7c8pclkk3358pi3cnni",
            "Region": "ap-southeast-1"
        }
    },
    "Auth": {
        "Default": {
            "authenticationFlowType": "USER_SRP_AUTH",
            "socialProviders": [],
            "usernameAttributes": [
                "EMAIL"
            ],
            "signupAttributes": [
                "EMAIL"
            ],
            "passwordProtectionSettings": {
                "passwordPolicyMinLength": 8,
                "passwordPolicyCharacters": []
            },
            "mfaConfiguration": "OFF",
            "mfaTypes": [
                "SMS"
            ],
            "verificationMechanisms": [
                "EMAIL"
            ]
        }
    }
}